[
	{
		"author": "Radnyx",
		"children": [{
			"description": "Multi-voice ByteBeat",
			"url": "https://battleofthebits.org/arena/Entry/Multi-voice+ByteBeat/17523/",
			"date": "2015-04-14",
			"file": "Radnyx - Multi-voice ByteBeat.js",
			"fileOriginal": true
		}, {
			"description": "Impromptu (Diatom)",
			"url": "https://battleofthebits.org/arena/Entry/Impromptu+%28Diatom%29/34240/",
			"date": "2020-04-25",
			"sampleRate": 32000,
			"file": "Radnyx - Impromptu (Diatom).js",
			"fileFormatted": true,
			"fileOriginal": true,
			"starred": 1
		}]
	}, {
		"author": "Savestate",
		"children": [{
			"description": "Bit-Shift Melodies",
			"url": "https://battleofthebits.org/arena/Entry/Bit-Shift+Melodies/17525/",
			"date": "2015-04-15",
			"sampleRate": 44100,
			"file": "Savestate - Bit-Shift Melodies.js",
			"fileFormatted": true,
			"fileOriginal": true,
			"starred": 1
		}, {
			"description": "Earl Grey Groove",
			"url": "http://battleofthebits.org/arena/Entry/Earl+Grey+Groove/20500/",
			"date": "2016-01-13",
			"file": "Savestate - Earl Grey Groove.js",
			"fileFormatted": true,
			"fileMinified": true,
			"fileOriginal": true,
			"starred": 2
		}]
	}, {
		"description": "my headache generator",
		"author": "frantic",
		"url": "https://battleofthebits.org/arena/Entry/my+headache+generator/17548/",
		"date": "2015-04-16",
		"sampleRate": 44100,
		"file": "frantic - my headache generator.js",
		"fileFormatted": true,
		"fileOriginal": true,
		"starred": 1
	}, {
		"author": "Jimmyoshi",
		"children": [{
			"description": "damnit kf i have to do homework why'd you have to pick now to host a bytebeat ohb",
			"url": "https://battleofthebits.org/arena/Entry/damnit+kf+i+have+to+do+homework+why%27d+you+have+to+pick+now+to+host+a+bytebeat+ohb+%5BPLAY+IN+22000+Hz+wow%5D.txt/17659/",
			"date": "2015-04-29",
			"sampleRate": 22050,
			"file": "Jimmyoshi - damnit kf i have to do homework why'd you have to pick now to host a bytebeat ohb.js",
			"fileFormatted": true,
			"fileOriginal": true,
			"starred": 2
		}, {
			"description": "The Flower Festival",
			"url": "https://battleofthebits.org/arena/Entry/The+Flower+Festival/17736/",
			"date": "2015-05-09",
			"sampleRate": 44100,
			"file": "Jimmyoshi - The Flower Festival.js",
			"fileFormatted": true,
			"starred": 2
		}, {
			"description": "Spring Fever",
			"url": "https://battleofthebits.org/arena/Entry/Spring+Fever/21648/",
			"date": "2016-04-23",
			"sampleRate": 44100,
			"file": "Jimmyoshi - Spring Fever.js",
			"fileFormatted": true,
			"fileOriginal": true,
			"starred": 2
		}, {
			"description": "Daydreamer",
			"url": "https://battleofthebits.org/arena/Entry/Daydreamer/25439/",
			"date": "2017-04-29",
			"sampleRate": 44100,
			"file": "Jimmyoshi - Daydreamer.js",
			"fileFormatted": true,
			"fileMinified": true,
			"fileOriginal": true,
			"starred": 2
		}, {
			"description": "HITLER-CHANデートシム",
			"url": "https://battleofthebits.org/arena/Entry/HITLER-CHAN%E3%83%87%E3%83%BC%E3%83%88%E3%82%B7%E3%83%A0.txt/25871/",
			"date": "2017-06-16",
			"sampleRate": 22050,
			"file": "Jimmyoshi - HITLER-CHANデートシム.js",
			"fileFormatted": true,
			"fileMinified": true,
			"fileOriginal": true,
			"starred": 2
		}]
	}, {
		"author": "raphaelgoulart",
		"children": [{
			"description": "the cute bytebeast ^o^",
			"url": "https://battleofthebits.org/arena/Entry/the+cute+bytebeast+%5Eo%5E/17669/",
			"date": "2015-05-01",
			"sampleRate": 11025,
			"file": "raphaelgoulart - the cute bytebeast ^o^.js",
			"fileFormatted": true,
			"fileOriginal": true,
			"starred": 2
		}, {
			"description": "bossabeat",
			"url": "https://battleofthebits.org/arena/Entry/bossabeat/21386/",
			"date": "2016-03-28",
			"sampleRate": 44100,
			"file": "raphaelgoulart - bossabeat.js",
			"fileFormatted": true,
			"fileOriginal": true,
			"starred": 2
		}, {
			"description": "bytefunk",
			"url": "https://battleofthebits.org/arena/Entry/bytefunk/31042/",
			"date": "2019-03-05",
			"sampleRate": 22050,
			"file": "raphaelgoulart - bytefunk.js",
			"fileFormatted": true,
			"fileOriginal": true,
			"starred": 2
		}, {
			"description": "1k dance",
			"url": "https://battleofthebits.org/arena/Entry/1k+dance/31132/",
			"date": "2019-03-10",
			"sampleRate": 11025,
			"file": "raphaelgoulart - 1k dance.js",
			"fileFormatted": true,
			"fileMinified": true,
			"fileOriginal": true,
			"starred": 1
		}, {
			"description": "shy smile",
			"url": "https://battleofthebits.org/arena/Entry/shy+smile/31801/",
			"date": "2019-06-01",
			"sampleRate": 44100,
			"file": "raphaelgoulart - shy smile.js",
			"fileFormatted": true,
			"fileOriginal": true,
			"starred": 2
		}, {
			"description": "ripthisentry.txt",
			"url": "https://battleofthebits.org/arena/Entry/ripthisentry.txt/32559/",
			"date": "2019-08-27",
			"sampleRate": 44100,
			"file": "raphaelgoulart - ripthisentry.txt.js",
			"fileFormatted": true,
			"fileMinified": true,
			"fileOriginal": true,
			"starred": 1
		}]
	}, {
		"author": "funute",
		"children": [{
			"description": "bloop factory",
			"url": "https://battleofthebits.org/arena/Entry/bloop+factory/20506/",
			"date": "2016-01-13",
			"sampleRate": 44100,
			"file": "funute - bloop factory.js",
			"fileFormatted": true,
			"fileMinified": true,
			"fileOriginal": true,
			"starred": 1
		}, {
			"description": "bytebeat? how about bitbeat?",
			"url": "https://battleofthebits.org/arena/Entry/bytebeat_+how+about+bitbeat_/21510/",
			"date": "2016-04-07",
			"sampleRate": 44100,
			"file": "funute - bytebeat! how about bitbeat!.js",
			"fileFormatted": true,
			"fileMinified": true,
			"fileOriginal": true,
			"starred": 2
		}, {
			"description": "tiny rave",
			"url": "https://battleofthebits.org/arena/Entry/tiny+rave/27419/",
			"date": "2018-02-04",
			"sampleRate": 44100,
			"file": "funute - tiny rave.js",
			"fileFormatted": true,
			"fileMinified": true,
			"fileOriginal": true,
			"starred": 2
		}, {
			"description": "frequency machine",
			"url": "https://battleofthebits.org/arena/Entry/frequency+machine/32329/",
			"date": "2019-07-28",
			"sampleRate": 44100,
			"file": "funute - frequency machine.js",
			"fileFormatted": true,
			"fileOriginal": true,
			"starred": 2
		}, {
			"description": "vgm engine",
			"url": "https://battleofthebits.org/arena/Entry/vgm+engine/39556/",
			"date": "2020-11-01",
			"sampleRate": 44100,
			"file": "funute - vgm engine.js",
			"fileFormatted": true,
			"fileOriginal": true,
			"starred": 2
		}]
	}, {
		"author": "pigdevil2010",
		"children": [{
			"description": "Last Palette",
			"url": "https://battleofthebits.org/arena/Entry/Last+Palette/25369/",
			"date": "2017-04-17",
			"sampleRate": 44100,
			"file": "pigdevil2010 - Last Palette.js",
			"fileFormatted": true,
			"fileMinified": true,
			"fileOriginal": true,
			"starred": 2
		}, {
			"description": "Last Fountain",
			"url": "https://battleofthebits.org/arena/Entry/Last+Fountain/27281/",
			"date": "2018-01-20",
			"sampleRate": 44100,
			"file": "pigdevil2010 - Last Fountain.js",
			"fileFormatted": true,
			"fileMinified": true,
			"fileOriginal": true,
			"starred": 2
		}]
	}, {
		"author": "Bp103",
		"children": [{
			"description": "the proto-version",
			"url": "https://twitter.com/Bp103/status/934396842850291712",
			"date": "2017-11-25",
			"sampleRate": 44100,
			"file": "Bp103 - the proto-version.js",
			"fileFormatted": true,
			"fileMinified": true,
			"fileOriginal": true
		}, {
			"description": "a sequencer type thing",
			"url": "https://www.reddit.com/r/bytebeat/comments/enmbix/made_a_sequencer_type_thing/",
			"date": "2020-01-12",
			"sampleRate": 32000,
			"file": "Bp103 - a sequencer type thing.js",
			"fileFormatted": true,
			"fileMinified": true,
			"fileOriginal": true,
			"starred": 1
		}, {
			"description": "a song in a half baked pseudo-mml format",
			"url": "https://twitter.com/Bp103/status/1221435415032406017",
			"date": "2020-01-26",
			"sampleRate": 32000,
			"file": "Bp103 - a song in a half baked pseudo-mml format.js",
			"fileFormatted": true,
			"fileMinified": true,
			"fileOriginal": true
		}, {
			"description": "now its FM synth",
			"url": "https://twitter.com/Bp103/status/1345905059964530688",
			"date": "2021-01-04",
			"sampleRate": 32000,
			"file": "Bp103 - now its FM synth.js",
			"fileFormatted": true,
			"fileMinified": true,
			"fileOriginal": true
		}, {
			"description": "triangle kick drum and snare",
			"url": "https://twitter.com/Bp103/status/1346329796041695233",
			"date": "2021-01-05",
			"sampleRate": 32000,
			"file": "Bp103 - triangle kick drum and snare.js",
			"fileFormatted": true,
			"fileMinified": true,
			"fileOriginal": true,
			"starred": 1
		}, {
			"description": "random bytebeat thing with delay effect",
			"url": "https://twitter.com/Bp103/status/1401194230656253952",
			"date": "2021-06-05",
			"sampleRate": 44100,
			"file": "Bp103 - random bytebeat thing with delay effect.js",
			"fileFormatted": true,
			"fileOriginal": true,
			"starred": 2
		}, {
			"description": "bytebeat song 06-15-2021",
			"url": "https://www.youtube.com/watch?v=aA7pyVkkPk4",
			"date": "2021-06-15",
			"sampleRate": 44100,
			"file": "Bp103 - bytebeat song 06-15-2021.js",
			"fileFormatted": true,
			"fileOriginal": true,
			"starred": 2
		}, {
			"description": "chip box",
			"url": "https://www.reddit.com/r/bytebeat/comments/qenxc2/learned_how_to_do_functions_now_i_have_an/",
			"date": "2021-10-24",
			"sampleRate": 44100,
			"file": "Bp103 - chip box.js",
			"fileFormatted": true,
			"fileMinified": true,
			"fileOriginal": true,
			"starred": 2
		}, {
			"description": "Testing stereo",
			"url": "https://www.reddit.com/r/bytebeat/comments/w1ucw3/testing_stereo/",
			"date": "2022-07-18",
			"sampleRate": 44100,
			"stereo": true,
			"file": "Bp103 - Testing stereo.js",
			"fileFormatted": true,
			"fileOriginal": true
		}, {
			"description": "guitarbeatbyte",
			"url": "https://www.reddit.com/r/bytebeat/comments/yzwfg1/guitarbeatbyte/",
			"date": "2022-11-20",
			"sampleRate": 44100,
			"stereo": true,
			"file": "Bp103 - guitarbeatbyte.js",
			"fileFormatted": true,
			"fileOriginal": true
		}]
	}, {
		"description": "happybeat",
		"author": "Yung Gotenks",
		"url": "https://battleofthebits.org/arena/Entry/happybeat/31161/",
		"date": "2019-03-11",
		"sampleRate": 44100,
		"file": "Yung Gotenks - happybeat.js",
		"fileFormatted": true,
		"fileOriginal": true,
		"starred": 1
	}, {
		"description": "Takitjää",
		"author": "Lia",
		"url": "https://battleofthebits.org/arena/Entry/Takitj%C3%A4%C3%A4/31188/",
		"date": "2019-03-14",
		"sampleRate": 44100,
		"file": "Lia - Takitjää.js",
		"fileFormatted": true,
		"fileMinified": true,
		"fileOriginal": true
	}, {
		"description": "War Tradition",
		"author": "petet",
		"url": "https://battleofthebits.org/arena/Entry/War+Tradition/31413/",
		"date": "2019-04-13",
		"sampleRate": 32000,
		"file": "petet - War Tradition.js",
		"fileFormatted": true,
		"fileMinified": true,
		"fileOriginal": true
	}, {
		"description": "Sunset",
		"author": "InfinitySnapz",
		"url": "https://www.reddit.com/r/bytebeat/comments/bxmsl7/sunset/",
		"date": "2019-06-07",
		"sampleRate": 44100,
		"file": "InfinitySnapz - Sunset.js",
		"fileFormatted": true,
		"fileMinified": true,
		"fileOriginal": true
	}, {
		"author": "argarak",
		"children": [{
			"description": "phase byte [++t]",
			"url": "https://battleofthebits.org/arena/Entry/phase+byte+%5B%2B%2Bt%5D/32262/",
			"date": "2019-07-15",
			"file": "argarak - phase byte [++t].js",
			"fileFormatted": true,
			"fileOriginal": true
		}, {
			"description": "tuned_phase time_modulation",
			"url": "https://battleofthebits.org/arena/Entry/tuned_phase+time_modulation/34772/",
			"date": "2020-05-10",
			"sampleRate": 44100,
			"file": "argarak - tuned_phase time_modulation.js",
			"fileFormatted": true
		}, {
			"description": "pcm.modshape.wv",
			"url": "https://battleofthebits.org/arena/Entry/pcm.modshape.wv/39543/",
			"date": "2020-10-31",
			"sampleRate": 44100,
			"file": "argarak - pcm.modshape.wv.js",
			"fileFormatted": true,
			"fileOriginal": true,
			"starred": 1
		}, {
			"description": "tridecagon sequence",
			"url": "https://battleofthebits.org/arena/Entry/tridecagon+sequence/57185/",
			"date": "2022-12-13",
			"sampleRate": 44100,
			"file": "argarak - tridecagon sequence.js",
			"fileFormatted": true,
			"fileOriginal": true,
			"starred": 1
		}]
	}, {
		"description": "A NΞW DIMΞNSION",
		"author": "burlynn n01se",
		"url": "https://battleofthebits.org/arena/Entry/A+N%CE%9EW+DIM%CE%9ENSION/42606/",
		"date": "2021-01-19",
		"sampleRate": 22050,
		"file": "burlynn n01se - A NΞW DIMΞNSION.js",
		"fileFormatted": true,
		"fileMinified": true,
		"fileOriginal": true,
		"starred": 2
	}, {
		"description": "__ws2.model",
		"author": "beep-eep",
		"url": "https://battleofthebits.org/arena/Entry/__ws2.model/43638/",
		"date": "2021-02-13",
		"sampleRate": 44100,
		"file": "beep-eep - __ws2.model.js",
		"fileFormatted": true,
		"fileMinified": true,
		"fileOriginal": true,
		"starred": 1
	}, {
		"description": "getting better at this stuff",
		"author": "Baron Knoxburry",
		"url": "https://battleofthebits.org/arena/Entry/getting+better+at+this+stuff/46490/",
		"date": "2021-05-30",
		"sampleRate": 44100,
		"file": "Baron Knoxburry - getting better at this stuff.js",
		"fileFormatted": true,
		"fileOriginal": true
	}, {
		"description": "511",
		"author": "johanvandegriff",
		"url": "https://www.reddit.com/r/bytebeat/comments/o7e957/511/",
		"remixed": {
			"description": "arpeggiator fun",
			"author": "SArpnt",
			"url": "https://www.reddit.com/r/bytebeat/comments/fjsa1y/arpeggiator_fun/"
		},
		"date": "2021-06-25",
		"sampleRate": 44100,
		"file": "Johan Vandegriff - 511.js",
		"fileFormatted": true,
		"fileMinified": true,
		"fileOriginal": true,
		"starred": 2
	}, {
		"author": "HypernovaHeathen",
		"children": [{
			"description": "Before J.C.D.",
			"url": "https://www.youtube.com/watch?v=frpeOVBhrvM",
			"date": "2021-09-10",
			"sampleRate": 44100,
			"file": "HypernovaHeathen - Before J.C.D..js",
			"fileFormatted": true,
			"fileOriginal": true,
			"starred": 1
		}, {
			"description": "C. Allen Type Beat",
			"url": "https://www.youtube.com/watch?v=c77J7MrQfvI",
			"date": "2021-11-10",
			"sampleRate": 44100,
			"file": "HypernovaHeathen - C. Allen Type Beat.js",
			"fileFormatted": true,
			"fileMinified": true,
			"fileOriginal": true,
			"starred": 1
		}, {
			"description": "The Best Bytebeat Song I Made!",
			"url": "https://www.youtube.com/watch?v=F9i0y_S3Xr0",
			"date": "2021-12-30",
			"sampleRate": 44100,
			"file": "HypernovaHeathen - The Best Bytebeat Song I Made!.js",
			"fileFormatted": true,
			"fileMinified": true,
			"fileOriginal": true,
			"starred": 1
		}, {
			"description": "I've Come To Make An Announcement",
			"url": "https://dollchan.net/btb/res/77.html#77",
			"date": "2022-06-18",
			"sampleRate": 44100,
			"file": "HypernovaHeathen - I've Come To Make An Announcement.js",
			"fileFormatted": true,
			"fileOriginal": true
		}]
	}, {
		"description": "cool loop i guess",
		"author": "RealZynx92",
		"url": "https://www.reddit.com/r/bytebeat/comments/q1tesu/cool_loop_i_guess/",
		"date": "2021-10-05",
		"sampleRate": 44100,
		"file": "RealZynx92 - cool loop i guess.js",
		"fileFormatted": true,
		"fileMinified": true,
		"fileOriginal": true,
		"starred": 1
	}, {
		"author": "Decent-Manager-6169",
		"children": [{
			"description": "Red Green Blue 4",
			"url": "https://www.reddit.com/r/bytebeat/comments/r8iuh0/red_green_blue_4/",
			"date": "2021-12-04",
			"sampleRate": 32000,
			"file": "Decent-Manager-6169 - Red Green Blue 4.js",
			"fileFormatted": true,
			"fileOriginal": true,
			"starred": 2
		}, {
			"description": "An Escaped War Or Something",
			"url": "https://www.reddit.com/r/bytebeat/comments/rnngwr/an_escaped_war_or_something/",
			"date": "2021-12-24",
			"sampleRate": 44100,
			"file": "Decent-Manager-6169 - An Escaped War Or Something.js",
			"fileFormatted": true,
			"fileMinified": true,
			"fileOriginal": true
		}, {
			"description": "Air Island",
			"url": "https://www.reddit.com/r/bytebeat/comments/10n7fq6/air/",
			"date": "2023-01-28",
			"sampleRate": 32000,
			"file": "Decent-Manager-6169 - Air Island.js",
			"fileFormatted": true,
			"fileMinified": true,
			"fileOriginal": true,
			"starred": 1
		}, {
			"description": "Cocktail Hour Preview",
			"url": "https://www.reddit.com/r/bytebeat/comments/10os7e7/cocktail_hour_preview/",
			"date": "2023-01-30",
			"sampleRate": 32000,
			"file": "Decent-Manager-6169 - Cocktail Hour Preview.js",
			"fileFormatted": true,
			"fileMinified": true,
			"fileOriginal": true,
			"starred": 1
		}, {
			"description": "List of musical scales",
			"url": "https://www.reddit.com/r/bytebeat/comments/10usrzr/useless_project_thing_2/",
			"date": "2023-02-06",
			"sampleRate": 32000,
			"file": "Decent-Manager-6169 - List of musical scales.js",
			"fileFormatted": true,
			"fileOriginal": true
		}, {
			"description": "Drifting Time Misplaced 8 Bit Slowed",
			"url": "https://www.reddit.com/r/bytebeat/comments/1163kwi/something_that_kept_in_the_draft_for_2_months/",
			"date": "2023-02-19",
			"sampleRate": 64000,
			"file": "Decent-Manager-6169 - Drifting Time Misplaced 8 Bit Slowed.js",
			"fileFormatted": true,
			"fileMinified": true,
			"fileOriginal": true,
			"starred": 1
		}]
	}, {
		"description": "ByteSongg",
		"author": "Danidanijr",
		"url": "https://www.reddit.com/r/bytebeat/comments/rfsu6p/bytesongg_by_danidanijr_44100_hz/",
		"date": "2021-12-14",
		"sampleRate": 44100,
		"file": "Danidanijr - ByteSongg.js",
		"fileFormatted": true,
		"fileMinified": true,
		"fileOriginal": true,
		"starred": 1
	}, {
		"author": "Senzou4770",
		"children": [{
			"description": "Cool arpeggio I made",
			"url": "https://www.reddit.com/r/bytebeat/comments/srw5kn/cool_arpeggio_i_made/",
			"date": "2022-02-14",
			"sampleRate": 44100,
			"file": "Senzou4770 - Cool arpeggio I made.js",
			"fileFormatted": true,
			"fileMinified": true,
			"fileOriginal": true,
			"starred": 1
		}, {
			"description": "Another long bytebeat arpeggio",
			"url": "https://www.reddit.com/r/bytebeat/comments/ss6d2b/another_long_bytebeat_arpeggio/",
			"date": "2022-02-14",
			"sampleRate": 44100,
			"file": "Senzou4770 - Another long bytebeat arpeggio.js",
			"fileFormatted": true,
			"fileMinified": true,
			"fileOriginal": true,
			"starred": 2
		}, {
			"description": "Minor Frere Jaques",
			"url": "https://www.reddit.com/r/bytebeat/comments/sua62m/minor_frere_jaques_sounds_p_neat_38_lines/",
			"date": "2022-02-17",
			"sampleRate": 44100,
			"file": "Senzou4770 - Minor Frere Jaques.js",
			"fileFormatted": true,
			"fileOriginal": true,
			"starred": 1
		}]
	}, {
		"author": "maj-6",
		"children": [{
			"description": "Something New",
			"url": "https://battleofthebits.org/arena/Entry/Something+New/52726/",
			"date": "2022-04-13",
			"sampleRate": 32000,
			"file": "maj-6 - Something New.js",
			"fileFormatted": true,
			"fileMinified": true,
			"fileOriginal": true,
			"starred": 2
		}, {
			"description": "\"Something New\" using functions",
			"url": "https://battleofthebits.org/arena/Entry/Something+New/52726/#post157167",
			"date": "2022-06-03",
			"sampleRate": 32000,
			"file": "maj-6 - 'Something New' using functions.js",
			"fileFormatted": true,
			"fileMinified": true,
			"fileOriginal": true
		}, {
			"author": "SthephanShi",
			"description": "\"Something New\" synchronized",
			"url": "https://battleofthebits.org/arena/Entry/Something+New/52726/#post157250",
			"date": "2022-06-06",
			"sampleRate": 44100,
			"file": "SthephanShi - 'Something new' synchronized.js",
			"fileMinified": true,
			"fileFormatted": true
		}, {
			"description": "advanced technology",
			"url": "https://battleofthebits.org/arena/Entry/advanced+technology+%5B44.1k+stereo_+1_337+bytes%5D/54547/",
			"date": "2022-06-07",
			"sampleRate": 44100,
			"stereo": true,
			"file": "maj-6 - advanced technology.js",
			"fileOriginal": true,
			"starred": 2
		}]
	}, {
		"author": "NewFall2020",
		"children": [{
			"description": "TIRO Remixed#6 remastered",
			"remixed": {
				"description": "better remix of \"The time is running out!\"",
				"author": "RealZynx92",
				"url": "https://www.reddit.com/r/bytebeat/comments/qlst5m/better_remix_of_the_time_is_running_out_by/"
			},
			"url": "https://www.reddit.com/r/bytebeat/comments/qlst5m/comment/i4r8fis/?utm_source=reddit&utm_medium=web2x&context=3",
			"date": "2022-04-15",
			"sampleRate": 44100,
			"file": "NewFall2020 - TIRO Remixed 6 remastered.js",
			"fileFormatted": true,
			"fileMinified": true,
			"fileOriginal": true
		}, {
			"description": "simple step sequencer remix #2",
			"remixed": {
				"description": "simple step sequencer remix",
				"author": "PortablePorcelain",
				"url": "https://dollchan.net/btb/res/55.html#155"
			},
			"url": "https://dollchan.net/btb/res/3.html#161",
			"date": "2022-08-25",
			"sampleRate": 44100,
			"file": "NewFall2020 - simple step sequencer remix 2.js",
			"fileFormatted": true,
			"fileMinified": true,
			"fileOriginal": true,
			"starred": 1
		}]
	}, {
		"author": "lhphr",
		"children": [{
			"description": "s.i.t.e. (synth in the emptiness)",
			"url": "https://dollchan.net/btb/res/44.html#69",
			"date": "2022-05-26",
			"sampleRate": 32000,
			"file": "lhphr - s.i.t.e. (synth in the emptiness).js",
			"fileFormatted": true,
			"fileMinified": true,
			"fileOriginal": true
		}, {
			"description": "Reminisce",
			"remixed": {
				"description": "\"Something New\" using functions",
				"author": "maj-6",
				"url": "https://battleofthebits.org/arena/Entry/Something+New/52726/#post157167"
			},
			"url": "https://www.reddit.com/r/bytebeat/comments/x39ll8/reminisce/",
			"date": "2022-08-31",
			"sampleRate": 32000,
			"file": "lhphr - Reminisce.js",
			"fileMinified": true,
			"fileOriginal": true,
			"starred": 1
		}]
	}, {
		"description": "PCM Synthesis",
		"author": "PortablePorcelain",
		"url": "https://dollchan.net/btb/res/55.html#82",
		"date": "2022-06-28",
		"mode": "Signed Bytebeat",
		"sampleRate": 17000,
		"file": "PortablePorcelain - PCM Synthesis.js",
		"fileOriginal": true
	}, {
		"description": "I Wanna Byte You",
		"author": "kleeder",
		"url": "https://battleofthebits.org/arena/Entry/I+Wanna+Byte+You+_1/54543/",
		"date": "2022-07-23",
		"sampleRate": 11025,
		"file": "kleeder - I Wanna Byte You.js",
		"fileFormatted": true,
		"fileOriginal": true,
		"starred": 2
	}, {
		"author": "cabbage drop",
		"description": "twenty six",
		"url": "https://battleofthebits.org/arena/Entry/twenty+six/57195/",
		"date": "2022-12-13",
		"sampleRate": 32000,
		"file": "cabbage drop - twenty six.js",
		"fileFormatted": true,
		"fileOriginal": true
	}, {
		"author": "Greaserpirate",
		"children": [{
			"description": "Showing off the recombination better",
			"url": "https://www.reddit.com/r/bytebeat/comments/107zk7j/showing_off_the_recombination_better/",
			"date": "2023-01-10",
			"sampleRate": 44100,
			"file": "Greaserpirate - Showing off the recombination better.js",
			"fileFormatted": true,
			"fileMinified": true,
			"fileOriginal": true,
			"starred": 1
		}, {
			"description": "I've refined my tools",
			"url": "https://www.reddit.com/r/bytebeat/comments/107yrts/ive_refined_my_tools/",
			"date": "2023-01-10",
			"sampleRate": 44100,
			"stereo": true,
			"file": "Greaserpirate - I've refined my tools.js",
			"fileFormatted": true,
			"fileOriginal": true,
			"starred": 1
		}, {
			"description": "THE MOTHERLODE",
			"url": "https://www.reddit.com/r/bytebeat/comments/10bv1d5/the_motherlode_a_bundle_of_effects_lowpass_filter/",
			"date": "2023-01-14",
			"sampleRate": 48000,
			"stereo": true,
			"file": "Greaserpirate - THE MOTHERLODE.js",
			"fileOriginal": true,
			"starred": 2
		}, {
			"description": "a limiter (that also removes offsets)",
			"url": "https://www.reddit.com/r/bytebeat/comments/10nnfbt/another_effect_function_a_limiter_that_also/",
			"date": "2023-01-28",
			"sampleRate": 48000,
			"file": "Greaserpirate - a limiter (that also removes offsets).js",
			"fileFormatted": true,
			"fileMinified": true,
			"fileOriginal": true
		}, {
			"description": "Graceful Ache",
			"url": "https://www.reddit.com/r/bytebeat/comments/10t4z6w/graceful_ache_probably_the_most_complex_bytebeat/",
			"date": "2023-02-04",
			"sampleRate": 48000,
			"stereo": true,
			"file": "Greaserpirate - Graceful Ache.js",
			"fileFormatted": true,
			"fileOriginal": true,
			"starred": 2
		}, {
			"description": "Step sequencer with interpolation",
			"url": "https://www.reddit.com/r/bytebeat/comments/10vpfsu/another_generalpurpose_effect_step_sequencer_with/",
			"date": "2023-02-07",
			"sampleRate": 48000,
			"stereo": true,
			"file": "Greaserpirate - Step sequencer with interpolation.js",
			"fileFormatted": true,
			"fileOriginal": true
		}]
	}, {
		"author": "May_I_Change_My_Name",
		"description": "0xBADA441E",
		"url": "https://www.reddit.com/r/bytebeat/comments/112ry0r/somebody_had_to_do_it/",
		"date": "2023-02-15",
		"sampleRate": 20000,
		"stereo": true,
		"file": "May_I_Change_My_Name - 0xBADA441E.js",
		"fileFormatted": true,
		"fileOriginal": true,
		"starred": 2
	}, {
		"author": "Kouzerumatsu",
		"description": "XO-Tracker: Tsukite Moonhand The Bananafox Theme",
		"url": "https://dollchan.net/btb/res/415.html#415",
		"date": "2023-02-18",
		"sampleRate": 32000,
		"file": "Kouzerumatsu - XO-Tracker Tsukite Moonhand The Bananafox Theme.js",
		"fileOriginal": true,
		"starred": 2
	}, {
		"author": "Rio zack",
		"description": "battle castle",
		"url": "https://dollchan.net/btb/res/204.html#495",
		"date": "2023-02-27",
		"sampleRate": 44100,
		"stereo": true,
		"file": "Rio zack - battle castle.js",
		"fileFormatted": true,
		"fileMinified": true,
		"fileOriginal": true,
		"starred": 1
	}, {
		"author": "Yamden",
		"children": [{
			"description": "Constructing a Melody in One Line",
			"url": "https://dollchan.net/btb/res/3.html#489",
			"date": "2023-02-28",
			"file": "Yamden - Constructing a Melody in One Line.js",
			"fileFormatted": true,
			"fileOriginal": true
		}, {
			"description": "Lovely Tune",
			"url": "https://dollchan.net/btb/res/3.html#497",
			"date": "2023-03-02",
			"file": "Yamden - Lovely Tune.js",
			"fileFormatted": true,
			"fileOriginal": true
		}]
	}
]
