[
	{
		"author": "Wiebe-Marten Wijnja",
		"url": "http://wmmusic.nl/",
		"date": "2014",
		"children": [{
			"description": "Cover of 'Predestined Fate' from VVVVVV",
			"mode": "Floatbeat",
			"file": "Wiebe-Marten Wijnja - Cover of 'Predestined Fate' from VVVVVV.js",
			"fileFormatted": true,
			"fileOriginal": true,
			"starred": 1
		}, {
			"description": "Cover of 'Please Exist' from Knytt Underground",
			"mode": "Floatbeat",
			"sampleRate": 44100,
			"file": "Wiebe-Marten Wijnja - Cover of 'Please Exist' from Knytt Underground.js",
			"fileFormatted": true,
			"fileOriginal": true,
			"starred": 2
		}, {
			"description": "Cover of 'Focus' from SuperHexagon",
			"mode": "Floatbeat",
			"sampleRate": 44100,
			"file": "Wiebe-Marten Wijnja - Cover of 'Focus' from SuperHexagon.js",
			"fileFormatted": true,
			"fileOriginal": true,
			"starred": 2
		}, {
			"description": "Game of Thrones theme",
			"url": "https://js1k.com/2014-dragons/details/1953",
			"date": "2014",
			"mode": "Floatbeat",
			"sampleRate": 44100,
			"file": "Wiebe-Marten Wijnja - Game of Thrones theme.js",
			"fileFormatted": true,
			"fileOriginal": true,
			"starred": 1
		}]
	}, {
		"author": "lehandsomeguy",
		"url": "https://www.reddit.com/r/bytebeat/comments/48r00a/floatbeat_test/",
		"date": "2016-03-03",
		"children": [{
			"description": "Floatbeat test",
			"mode": "Floatbeat",
			"sampleRate": 32000,
			"file": "lehandsomeguy - Floatbeat test.js",
			"fileFormatted": true,
			"fileOriginal": true,
			"starred": 1
		}, {
			"description": "Melody with array",
			"mode": "Floatbeat",
			"sampleRate": 44100,
			"file": "lehandsomeguy - Melody with array.js",
			"fileFormatted": true,
			"fileOriginal": true
		}, {
			"description": "Melody with array 2",
			"mode": "Floatbeat",
			"sampleRate": 44100,
			"file": "lehandsomeguy - Melody with array 2.js",
			"fileFormatted": true,
			"fileOriginal": true,
			"starred": 1
		}, {
			"description": "Drone",
			"mode": "Floatbeat",
			"sampleRate": 11025,
			"file": "lehandsomeguy - Drone.js",
			"fileFormatted": true,
			"fileOriginal": true
		}, {
			"description": "Trippy test",
			"mode": "Floatbeat",
			"sampleRate": 44100,
			"file": "lehandsomeguy - Trippy test.js",
			"fileFormatted": true,
			"fileOriginal": true
		}, {
			"description": "Random melody with array",
			"mode": "Floatbeat",
			"sampleRate": 22050,
			"file": "lehandsomeguy - Random melody with array.js",
			"fileFormatted": true,
			"fileOriginal": true
		}, {
			"description": "Floatbeat to bytebeat",
			"sampleRate": 32000,
			"file": "lehandsomeguy - Floatbeat to bytebeat.js",
			"fileFormatted": true,
			"fileOriginal": true
		}, {
			"description": "Pretentious Ryoji Ikeda",
			"mode": "Floatbeat",
			"sampleRate": 32000,
			"file": "lehandsomeguy - Pretentious Ryoji Ikeda.js",
			"fileFormatted": true,
			"fileOriginal": true,
			"starred": 1
		}]
	}, {
		"author": "RealZynx92",
		"children": [{
			"description": "floatbeat thingy",
			"url": "https://www.reddit.com/r/bytebeat/comments/rchrtq/floatbeat_thingy/Weird",
			"date": "2021-12-09",
			"mode": "Floatbeat",
			"sampleRate": 32000,
			"codeOriginal": [
				"noi=function(x,a){return sin(x/9000*x*x*x)/256*a},",
				"kick=sin(pow(1.6,(-t/512%32+8)))/2,",
				"snare=noi(floor(t/3)*\"01\"[t>>14&1],-(t/128%128)+128)/3,",
				"hihat=noi(t,16-sqrt(-t&4095)/1.5),",
				"mel=min(max(atan(tan(t*[1,4,1,4,1.05,4,1.05,4][t>>13&7]*\"10\"[t>>12&1]/2/41)^sin(t/41)),-1),1)/((t/512&7)+3),",
				"bas=asin(sin(t*[1,1.05,1,1.05,0,1,1.05,1][t>>14&7]/41))/4,",
				"(kick+snare+hihat+mel+bas)/1.5"
			],
			"codeMinified": "noi=(x,a)=>sin(x/9E3*x*x*x)/256*a,kick=sin(1.6**(-t/512%32+8))/2,snare=noi(int(t/3)*'01'[t>>14&1],-(t/128%128)+128)/3,hihat=noi(t,16-sqrt(-t&4095)/1.5),mel=min(max(atan(tan(t*[1,4,1,4,1.05,4,1.05,4][t>>13&7]*'10'[t>>12&1]/2/41)^sin(t/41)),-1),1)/((t/512&7)+3),bas=asin(sin(t*[1,1.05,1,1.05,0,1,1.05,1][t>>14&7]/41))/4,(kick+snare+hihat+mel+bas)/1.5"
		}, {
			"description": "happy floatbeat melody",
			"url": "https://www.reddit.com/r/bytebeat/comments/rtkgtn/happy_floatbeat_melody/",
			"date": "2022-01-01",
			"mode": "Floatbeat",
			"sampleRate": 32000,
			"codeOriginal": "a=t*[1,1,1,1,1.5,1.5,1.33,1.33][t>>15&7],b=t*[1,1.33][t>>14&1],sin(t*\"6868686834343434\"[t>>13&15]/41)/8+(b*4%256/256)/4+atan(tan(a/41)+cos(a/100))/[4,8,16,32][t>>13&3]",
			"codeMinified": "a=t*[1,1,1,1,1.5,1.5,1.33,1.33][t>>15&7],b=t*[1,1.33][t>>14&1],sin(t*'6868686834343434'[t>>13&15]/41)/8+4*b%256/256/4+atan(tan(a/41)+cos(a/100))/[4,8,16,32][t>>13&3]",
			"starred": 2
		}, {
			"description": "i bet nobody has thought of using cbrt",
			"url": "https://www.reddit.com/r/bytebeat/comments/skg4b7/i_bet_nobody_has_thought_of_using_cbrt/",
			"date": "2022-02-04",
			"mode": "Floatbeat",
			"sampleRate": 32000,
			"codeOriginal": "sin(pow(2,(-t/2048)%8)*100)/2+tan(cbrt(sin(t*[1,0,2,4,0,2,3,2,1.5,2,1,0,2,3,2,1.5][t>>13&15]/41)))/[2,3,4,6,8,12,16,24][t/[1,1.5][t>>12&1]>>10&7]/4+cbrt(asin(sin(t/[2,3,2.5,4][t>>16&3]/41)))/6",
			"codeMinified": "sin(100*2**(-t/2048%8))/2+tan(cbrt(sin(t*[1,0,2,4,0,2,3,2,1.5,2,1,0,2,3,2,1.5][t>>13&15]/41)))/[2,3,4,6,8,12,16,24][t/[1,1.5][t>>12&1]>>10&7]/4+cbrt(asin(sin(t/[2,3,2.5,4][t>>16&3]/41)))/6",
			"starred": 1
		}]
	}, {
		"author": "Bp103",
		"children": [{
			"description": "they're getting closer",
			"url": "https://www.reddit.com/r/bytebeat/comments/rtld2d/theyre_getting_closer/",
			"date": "2022-01-01",
			"mode": "Floatbeat",
			"sampleRate": 44100,
			"codeOriginal": "r=44100,q=t/r,sin(q*(1.3*exp(-2*((q*16)%8))+(9e9*exp(-60*((q*64)%8))))+(((q/2)*r)&((q*8)%r))%tan((q*r)%2))",
			"codeMinified": "r=44100,q=t/r,sin(q*(1.3*exp(16*q%8*-2)+9E9*exp(64*q%8*-60))+(q/2*r&8*q%r)%tan(q*r%2))"
		}, {
			"description": "ByteCrusher (fm synth and sequencer setup)",
			"url": "https://www.reddit.com/r/bytebeat/comments/zp3iv1/bytecrusher_fm_synth_and_sequencer_setup/",
			"date": "2022-12-18",
			"mode": "Floatbeat",
			"sampleRate": 22050,
			"stereo": true,
			"file": "Bp103 - ByteCrusher (fm synth and sequencer setup).js",
			"fileFormatted": true,
			"fileOriginal": true
		}]
	}, {
		"description": "new waveform, or this is a sinusoidal abuse?",
		"author": "kOLbOSa_exe",
		"url": "https://dollchan.net/btb/res/27.html#27",
		"date": "2022-01-14",
		"mode": "Floatbeat",
		"sampleRate": 32000,
		"codeOriginal": "gc=t/(t/[12,13,14,15,16,17,18,19,20,21,22,23,24][t>>12&13]),(sin(t/gc)+sin(t/20)+sin(t/20)+tan(sin(t/t-t/(gc+.01))))/4"
	}, {
		"author": "PortablePorcelain",
		"children": [{
			"description": "remix of ripthisentry.txt tune 3",
			"remixed": {
				"description": "ripthisentry.txt, tune#3",
				"author": "raphaelgoulart",
				"url": "https://battleofthebits.org/arena/Entry/ripthisentry.txt/32559/"
			},
			"url": "https://www.reddit.com/r/bytebeat/comments/tvnthr/creepy_droning_static_thing/",
			"date": "2022-04-04",
			"mode": "Floatbeat",
			"sampleRate": 32000,
			"codeOriginal": "n=t*[1,0,1,0,2,2,1,0,1,0,2,2,1,0,2,2][int(t/2048)%16],a=sin(n*Math.PI/255+cos(n*Math.PI/128)*(n/(524288+(16384*Math.random()))))*(128/256),b=cos((50000+(t/3200))/(t&16383))*(64/256),c=sin((2500+(t/3200))/(t&4095))*(48/256),tan(a+b+c)",
			"codeMinified": "n=t*[1,0,1,0,2,2,1,0,1,0,2,2,1,0,2,2][int(t/2048)%16],a=.5*sin(n*PI/255+cos(n*PI/128)*(n/(524288+16384*random()))),b=.25*cos((5E4+t/3200)/(t&16383)),c=.1875*sin((2500+t/3200)/(t&4095)),tan(a+b+c)"
		}, {
			"description": "foldableboldface",
			"remixed": {
				"description": "Vé",
				"author": "lhphr",
				"url": "https://dollchan.net/btb/res/44.html#88"
			},
			"url": "https://dollchan.net/btb/res/55.html#194",
			"date": "2022-09-09",
			"mode": "Floatbeat",
			"sampleRate": 64000,
			"codeOriginal": "l=0,t?0:a=Array(n=97*256).fill(0),f=(z,v)=>sin(l++<z?f(z,v)-v:(l=0,v)),x=a.shift(),t/=16+(sin(t/164882)/40),f=q=>(y=q,a.push(y/4-a[n/2|0]/2+a[n/4|0]/3),x),f(sin(sin(t*((((t>>13)+11521)*0xf01dab1eb01dface).toString(9))[t>>9&15]*PI/([32,48,64,24][t>>15&3]))*(sin(t*PI/8192)+2)*((t/163840)+1))+random()*sin(t/5555)/4)",
			"codeMinified": "l=0,t?0:a=Array(n=24832).fill(0),f=(z,v)=>sin(l++<z?f(z,v)-v:(l=0,v)),x=a.shift(),t/=16+sin(t/164882)/40,f=q=>(a.push(q/4-a[n/2|0]/2+a[n/4|0]/3),x),f(sin(sin(t*(0xf01dab1eb01dface*((t>>13)+11521)).toString(9)[t>>9&15]*PI/[32,48,64,24][t>>15&3])*(sin(t*PI/8192)+2)*(t/163840+1))+random()*sin(t/5555)/4)",
			"starred": 1
		}]
	}, {
		"author": "lhphr",
		"children": [{
			"description": "trig",
			"url": "https://dollchan.net/btb/res/44.html#69",
			"date": "2022-05-21",
			"mode": "Floatbeat",
			"sampleRate": 44100,
			"codeOriginal": "s=sin,c='55545556'[t>>16&7],f=q=>t*PI/q*c,'11011100'[t>>13&7]*tan(PI/2**(2+(t>>11&3))*s(PI*s(f(250))-f(4e4)))/4+([,,h=(1-t%8192/8192)*s(t**3)/8,,,h,,h][t>>12&7]??sinh(PI/2*s(c**4**(1-t%4096/2048))%(PI/4))/4)+(s(f(124)-f(89))+s(f(125)-f(100))+s(f(126)-f(105)))/12",
			"starred": 1
		}, {
			"description": "Sinusoid Pusher",
			"remixed": {
				"description": "Crude Sinewave Dubstep",
				"author": "Gabriel Miceli",
				"url": "https://www.youtube.com/watch?v=V4GfkFbDojc"
			},
			"url": "https://dollchan.net/btb/res/44.html#88",
			"date": "2022-05-28",
			"mode": "Floatbeat",
			"sampleRate": 44100,
			"codeOriginal": "q=(f,v,y)=>(2*y-1)*(f(t*(t&t>>12-log2(1+(z=t>>21&3)))/v/(1+z)+y*PI)**(1-(g=z!=t>>21)/2)),k=y=>(2*y-1)*(sin(2e3/(t%16384)**.1+y*PI)**.25),c=h=>isNaN(h)?0:h,((c(q(cos,1e5,0))+g*c(q(cos,1e5,1)))*(c(q(sin,7e4,0))+g*c(q(sin,7e4,1)))+sin(t%256/(6-4*g)**(t/512%64))+g*(c(k(0))+c(k(1)))/2+sin(2*PI*random())/(2-g/2)**((4+t/4096)%8))/2",
			"codeMinified": "q=(f,v,y)=>(2*y-1)*f(t*(t&t>>12-log2(1+(z=t>>21&3)))/v/(1+z)+y*PI)**(1-(g=z!=t>>21)/2),k=y=>(2*y-1)*sin(2E3/(t%16384)**.1+y*PI)**.25,c=h=>isNaN(h)?0:h,((c(q(cos,1E5,0))+g*c(q(cos,1E5,1)))*(c(q(sin,7E4,0))+g*c(q(sin,7E4,1)))+sin(t%256/(6-4*g)**(t/512%64))+g*(c(k(0))+c(k(1)))/2+sin(2*PI*random())/(2-g/2)**((4+t/4096)%8))/2"
		}, {
			"description": "something something reverb",
			"url": "https://www.reddit.com/r/bytebeat/comments/v0y4mf/something_something_reverb/",
			"date": "2022-05-30",
			"mode": "Floatbeat",
			"sampleRate": 44100,
			"file": "lhphr - something something reverb.js",
			"fileFormatted": true,
			"fileMinified": true,
			"fileOriginal": true,
			"starred": 1
		}, {
			"description": "Vé",
			"url": "https://dollchan.net/btb/res/44.html#88",
			"date": "2022-06-07",
			"mode": "Floatbeat",
			"sampleRate": 32000,
			"codeOriginal": "l=0,t?0:a=Array(n=24576).fill(0),f=(z,v)=>sin(l++<z?f(z,v)-v:(l=0,v)),x=a.shift(),y=(f(t>>13&7^t>>12&3,(z=t*(1*'00210024'[t>>16&7]+10)/10)/16)*f(t>>14&7^t>>12&7,z/32))/(2+t/2048%4)*!!(-t>>14&3)+x,a.push(y/3-a[n/2]/4+a[n/4]/4),(abs(y)**(y*x)-1)*8",
			"codeMinified": "l=0,t?0:a=Array(n=24576).fill(0),f=(z,v)=>sin(l++<z?f(z,v)-v:(l=0,v)),x=a.shift(),y=f(t>>13&7^t>>12&3,(z=t*(1*'00210024'[t>>16&7]+10)/10)/16)*f(t>>14&7^t>>12&7,z/32)/(2+t/2048%4)*!!(-t>>14&3)+x,a.push(y/3-a[n/2]/4+a[n/4]/4),8*(abs(y)**(y*x)-1)",
			"starred": 1
		}, {
			"description": "8D269D3933E700",
			"url": "https://dollchan.net/btb/res/44.html#88",
			"date": "2022-06-25",
			"mode": "Floatbeat",
			"sampleRate": 11025,
			"codeOriginal": "P=(V,D)=>2**(V/D),t?n+=P((t>>4&15),12^2*(t>>12&5))*P([0,0,9,5,0,0,9,14][t>>16&7],12)*2:n=0,sin(n/P(t&t>>12,1+(t>>8))/64|0)/2",
			"codeMinified": "P=(V,D)=>2**(V/D),t?n+=P(t>>4&15,12^2*(t>>12&5))*P([0,0,9,5,0,0,9,14][t>>16&7],12)*2:n=0,sin(n/P(t&t>>12,1+(t>>8))/64|0)/2",
			"starred": 1
		}, {
			"description": "reverb multi",
			"url": "https://dollchan.net/btb/res/44.html#87",
			"date": "2022-07-05",
			"mode": "Floatbeat",
			"sampleRate": 44100,
			"file": "lhphr - reverb multi.js",
			"fileMinified": true,
			"fileOriginal": true
		}, {
			"description": "Dark Deep",
			"url": "https://dollchan.net/btb/res/44.html#203",
			"date": "2022-09-08",
			"mode": "Floatbeat",
			"sampleRate": 44100,
			"codeOriginal": "t?0:l=[0,0,0,0,0],g=(t>>14^3*t>>16)%9+3,g=g*(t*2**(g/12-(t>>12&t>>16&3))%9|0)>>2,q=v=>!(~t>>v&3),(L=>{for(i=0;i<5;l[i]+=(sin(t*PI/2**(13-(t>>14&1)-q(15)+q(18))*(1+2*q(18))+PI/4)/3+.4)*((i?l[i-1]:sin(PI*(t*2**((2*g%14-(g%7>2)-5)/12)%256)*(~t>>8&2047^t>>10&2047)/65536)/3)-l[i++]));})(),l[4]+sin(t/56/2**('97539742'[t>>17&7]/12))/4+sin(2*(t%16384)**.495)/4+(t>>13&1)*(1-t/4096%(1-q(16)/2))*sin((t%1e9)**3)/24"
		}, {
			"description": "Strato",
			"url": "https://dollchan.net/btb/res/44.html#367",
			"date": "2022-09-26",
			"mode": "Floatbeat",
			"sampleRate": 32000,
			"codeOriginal": "t?0:d=Array(12288).fill(0),X=t/2**17,x=atan(X%1*tan(PI*X+asin(sin((t/25+sin(t/1024)/2)*2**([[0,3,7,12],[0,5,9,12],[3,7,12,15],[-3,4,7,9]][t>>17&3][t>>13&3]/12)))))+d.shift(),d.push(x/2*(1.5-X%1)),(x+sin(1e3/(t%2**(14-(t>>13&3^t>>14&7^t>>15&3)%3-2*!(~t>>14&7)))**(.5-X%1/2))+((t>>12&3)==(t>>15&3^t>>13&3))*(~t>>9&7)*sin((t/2|t>>16&7)**3)/8+(t/120/PI*2**('3860'[t>>17&3]/12)&1)*(t>>13&1))/4",
			"starred": 2
		}, {
			"description": "42-qz",
			"url": "https://dollchan.net/btb/res/44.html#367",
			"date": "2022-10-09",
			"mode": "Floatbeat",
			"sampleRate": 44100,
			"codeOriginal": "t/=5.5,T=t%16384,t*(42&(t>>10)+2)/512%.5+sin(4*(t%4096)**.5)/4+sin(t>>4^t>>1^t/2.001)/6*(1-T/3072%1)-sin(8e3*(T%6144)**.01)**2/4",
			"starred": 1
		}, {
			"description": "Sineslide",
			"url": "https://dollchan.net/btb/res/44.html#367",
			"date": "2022-11-29",
			"mode": "Floatbeat",
			"sampleRate": 48000,
			"codeOriginal": "t+=2**(25+(t>>21&1)),sin(t*PI/256*((t&t>>13)+(x=t&t>>12))/x)"
		}, {
			"description": "i-dimensional",
			"url": "https://www.reddit.com/r/bytebeat/comments/zj3l2l/idimensional/",
			"date": "2022-11-23",
			"mode": "Floatbeat",
			"sampleRate": 44100,
			"codeOriginal": "t?0:d=Array(24576).fill(0),a=2**21,S=sin,t%=a*3,q=t>>20,Q=q>1,X=q&4,T=t%a+(3+X)*a*Q,w=v=>asin(S(PI*t/50*2**([0,3,7,5+5*(t>>18&1)][t>>16&3]/12-v)))/PI/4,z=(t/a*2%1)**2,Z=!!q||z,y=d.shift(),L=q&1,u=Q*L*S(5e4*z**8)*z**2/8,D=(t>>16!=31)*Z*2*(1-t/a*32%1)**4*(w(0)+X*w(1+(t>>12&1))/4)+(X?u/4:u)+y,d.push(D/4+d[8192]/2+d[3510]/5),W=t/3,Y=W>>13&7,s=v=>atan(w(v)/0),Q*(acos(S(-PI*(2*T&T>>14^3*T&T>>14)*T/a*32)+1)/PI+min(0,(t/2**14+1)%2-1)/(X?2:2.5)*S((t>>3)**3)**2)-(t>>17!=15)*(!!q*S(3**(1+(Q&&L))*(t%2**(15-X/4-[0,t>>13&7^Y^W>>12&3,W>>11&15^Y^t>>13&11^t>>11&40][q>>1]%5))**.3)**2/2+w(1)-Z*w(0))-D+4*y*(2-Z)-X*(1.5*u+w(-7/12)+'01101001'[t>>12&7]*(s(3)/.7+L*s(0))/PI/2-(1.5-t/4096%(1-!(~t>>14&7)/3))*S(t**3)**2/1.8)/8",
			"starred": 1
		}, {
			"description": "far echoes",
			"remixed": {
				"description": "Strato",
				"url": "https://dollchan.net/btb/res/44.html#367"
			},
			"url": "https://www.reddit.com/r/bytebeat/comments/10xye9m/far_echoes/",
			"date": "2023-02-09",
			"mode": "Floatbeat",
			"sampleRate": 27000,
			"file": "lhphr - far echoes.js",
			"fileMinified": true,
			"fileOriginal": true,
			"starred": 2
		}]
	}, {
		"description": "sparta remix is stuck in my head now",
		"author": "baenhohoho",
		"url": "https://www.reddit.com/r/bytebeat/comments/w3g7iz/sparta_remix_is_stuck_in_my_head_now/",
		"date": "2022-07-20",
		"mode": "Floatbeat",
		"sampleRate": 44100,
		"file": "baenhohoho - sparta remix is stuck in my head now.js",
		"fileFormatted": true,
		"fileMinified": true,
		"fileOriginal": true,
		"starred": 1
	}, {
		"author": "polyzium",
		"children": [{
			"description": "12db lowpass filter",
			"remixed": {
				"description": "Stimmer",
				"url": "https://forum.arduino.cc/t/one-line-algorithmic-music/73409"
			},
			"url": "https://dollchan.net/btb/res/3.html#114",
			"date": "2022-07-24",
			"mode": "Floatbeat",
			"sampleRate": 32000,
			"file": "polyzium - 12db lowpass filter.js",
			"fileFormatted": true,
			"fileMinified": true,
			"fileOriginal": true
		}, {
			"description": "LPF 24dB/oct",
			"url": "https://dollchan.net/btb/res/3.html#118",
			"date": "2022-07-26",
			"mode": "Floatbeat",
			"sampleRate": 44100,
			"file": "polyzium - LPF 24dBoct.js",
			"fileFormatted": true,
			"fileOriginal": true
		}, {
			"description": "TB303ish",
			"url": "https://dollchan.net/btb/res/3.html#120",
			"date": "2022-07-29",
			"mode": "Floatbeat",
			"sampleRate": 44100,
			"file": "polyzium - TB303ish.js",
			"fileFormatted": true,
			"fileOriginal": true
		}, {
			"description": "303 on a budget",
			"url": "https://dollchan.net/btb/res/3.html#131",
			"date": "2022-08-05",
			"mode": "Floatbeat",
			"sampleRate": 44100,
			"file": "polyzium - 303 on a budget.js",
			"fileFormatted": true,
			"fileOriginal": true,
			"starred": 1
		}]
	}, {
		"author": "Anonymous",
		"description": "32killohertz and floatbeat",
		"url": "https://dollchan.net/btb/res/3.html#189",
		"date": "2022-09-07",
		"mode": "Floatbeat",
		"sampleRate": 32000,
		"codeOriginal": "t/=4,(((((((t*[1,1,1.5,2][t>>10&3])*\"2235\"[t>>14&3])|t>>3)%128)+(3E5/(t&4095)&64)+random()*((-t>>[6,5,5,5,4,5,5,5][(t>>12)%8])%64+64))/1.5)+(((t>>1)*\"2235\"[t>>14&3])%128)/Math.pow(1.0005, t&4095))/128-1",
		"codeMinified": "t/=4,(((t*[1,1,1.5,2][t>>10&3]*'2235'[t>>14&3]|t>>3)%128+(3E5/(t&4095)&64)+random()*((-t>>[6,5,5,5,4,5,5,5][(t>>12)%8])%64+64))/1.5+(t>>1)*'2235'[t>>14&3]%128/1.0005**(t&4095))/128-1"
	}, {
		"author": "Rio zack",
		"children": [{
			"description": "FM stimmer",
			"remixed": {
				"description": "Stimmer",
				"url": "https://forum.arduino.cc/t/one-line-algorithmic-music/73409"
			},
			"url": "https://dollchan.net/btb/res/204.html#266",
			"date": "2022-11-29",
			"mode": "Floatbeat",
			"sampleRate": 32000,
			"codeOriginal": [
				"p=(t>>15&t>>13)*[3,2,1.5,0][3&t>>11]/2,b=([1,2][1&t>>13]*0.5)*[2,2.5,3,3.5][3&t>>15]/2,",
				"sin(sin(p*t/4.79)/40*(32-(t/256)%32)+p*t/40.743665)*(32-(t/256)%32)/64+sin(sin(b*t/81.48732)/6*(32-(t/256)%32)+b*t/40.743665)*(32-(t/256)%32)/48"
			],
			"codeMinified": "p=(t>>15&t>>13)*[3,2,1.5,0][3&t>>11]/2,b=.5*[1,2][1&t>>13]*[2,2.5,3,3.5][3&t>>15]/2,sin(sin(p*t/4.79)/40*(32-t/256%32)+p*t/40.743665)*(32-t/256%32)/64+sin(sin(b*t/81.48732)/6*(32-t/256%32)+b*t/40.743665)*(32-t/256%32)/48"
		}, {
			"description": "FM bass such as sega genesis",
			"url": "https://dollchan.net/btb/res/204.html#267",
			"date": "2022-12-01",
			"mode": "Floatbeat",
			"sampleRate": 32000,
			"codeOriginal": [
				"e=512,r=8,s=8,",
				"p=[1.5,1.79,2,1,1,2,1,1,1.6,1,1,1.5,1,1,1.2,1][(t>>12)%16]*[1,1,1.5,1.34][3&t>>17],",
				"sin(",
				"sin(",
				"sin(",
				"sin(",
				"p*t*PI/16)/8*(r-(t/e)%s)+",
				"p*t*PI/16)/6*(r-(t/e)%s)+",
				"p*t*PI/256)+",
				"p*t*PI/128)/1.5"
			],
			"codeMinified": "e=512,s=r=8,p=[1.5,1.79,2,1,1,2,1,1,1.6,1,1,1.5,1,1,1.2,1][(t>>12)%16]*[1,1,1.5,1.34][3&t>>17],sin(sin(sin(sin(p*t*PI/16)/8*(r-t/e%s)+p*t*PI/16)/6*(r-t/e%s)+p*t*PI/256)+p*t*PI/128)/1.5",
			"starred": 1
		}, {
			"description": "E. piano",
			"url": "https://dollchan.net/btb/res/204.html#513",
			"date": "2023-03-03",
			"mode": "Floatbeat",
			"sampleRate": 48000,
			"stereo": true,
			"codeOriginal": [
				"c=x=>t/1.015*2**((x+5)/12),d=(-t&131064)/16E3/8,g=3&t>>17,",
				"p1=c([-4,-4,-2,-6][g]),p2=c([1,1,1,1][g]),p3=c([5,3,5,5][g]),p4=c([8,8,10,10][g]),",
				"m=(p,x=0)=>(x=128+x/2,sin(sin(sin(PI*p/8)/4+PI*p/x)*1.3*d+PI*p/x)*d),",
				"[(m(p1)+m(p2)+m(p3)+m(p4)+m(p1,-1)+m(p2,-1)+m(p3,-1)+m(p4,-1))/8,",
				"(m(p1,1)+m(p2,1)+m(p3,1)+m(p4,1)+m(p1,-1)+m(p2,-1)+m(p3,-1)+m(p4,-1))/8]"
			],
			"codeMinified": "c=x=>t/1.015*2**((x+5)/12),d=(-t&131064)/16E3/8,g=3&t>>17,p1=c([-4,-4,-2,-6][g]),p2=c([1,1,1,1][g]),p3=c([5,3,5,5][g]),p4=c([8,8,10,10][g]),m=(p,x=0)=>(x=128+x/2,sin(sin(sin(PI*p/8)/4+PI*p/x)*1.3*d+PI*p/x)*d),[(m(p1)+m(p2)+m(p3)+m(p4)+m(p1,-1)+m(p2,-1)+m(p3,-1)+m(p4,-1))/8,(m(p1,1)+m(p2,1)+m(p3,1)+m(p4,1)+m(p1,-1)+m(p2,-1)+m(p3,-1)+m(p4,-1))/8]",
			"starred": 1
		}]
	}, {
		"author": "hcdphobe",
		"children": [{
			"description": "FM Running man",
			"remixed": {
				"description": "Running man",
				"author": "viznut",
				"url": "http://www.pouet.net/topic.php?which=8357&page=9#c388930"
			},
			"url": "https://dollchan.net/btb/res/163.html#373",
			"date": "2023-01-22",
			"mode": "Floatbeat",
			"sampleRate": 48000,
			"codeOriginal": "t/=6,a=t*1.5/1*(3+(1^t>>10&5))*(5+(3&t>>14))>>(t>>8&3),Math.sin(Math.sin(a*PI/128)+a*PI/128)*Math.tan(Math.sin(a*PI/128)*Math.cos(a*PI/192))*Math.abs(2-Math.abs(Math.cos(a*PI/256)))/3",
			"codeMinified": "t/=6,a=1.5*t*(3+(1^t>>10&5))*(5+(3&t>>14))>>(t>>8&3),b=a*PI/128,sin(sin(b)+b)*tan(sin(b)*cos(b/1.5))*abs(2-abs(cos(b/2)))/3"
		}, {
			"description": "CRITICAL_STRUCTURE_CORRUPTION MUSIC",
			"url": "https://dollchan.net/btb/res/163.html#376",
			"date": "2023-02-03",
			"mode": "Floatbeat",
			"sampleRate": 32000,
			"codeOriginal": "S=sin,C=cos,T=tan,A=abs,W=exp,C=expm1,c=4.125*t/2*(t/2>>12&3^t/2>>14&3|-t/2>>14&3&t/2>>14&15)-(t/2*(t/2>>12&3&t/2>>12&3))*((t>>12&4)+4)/((t>>12&6)+4),X=c*([1,2,4,8][t>>18&3])/128,R=t/3*0.5*PI/128,S(X)*C(.3+S(X/1.001))*W(S(X/2)/2)*T(S(X*1.0001)/2)/5+S(1000/(t%16384+256)**.4)/7+S(R)*T(S(R*3))*W(S(R*8.0001))/24",
			"codeMinified": "S=sin,X=(4.125*t/2*(t/2>>12&3^t/2>>14&3|-t/2>>14&3&t/2>>14&15)-t/2*(t/2>>12&3&t/2>>12&3)*((t>>12&4)+4)/((t>>12&6)+4))*[1,2,4,8][t>>18&3]/128,R=t/3*.5*PI/128,S(X)*expm1(.3+S(X/1.001))*exp(S(X/2)/2)*tan(S(1.0001*X)/2)/5+S(1E3/(t%16384+256)**.4)/7+S(R)*tan(S(3*R))*exp(S(8.0001*R))/24"
		}, {
			"description": "waveform-211",
			"url": "https://www.reddit.com/r/bytebeat/comments/10zgjt9/waveform211/",
			"date": "2023-02-11",
			"mode": "Floatbeat",
			"sampleRate": 32000,
			"codeOriginal": "s=(x)=>Math.sin(x*Math.PI/128),c=(x)=>Math.cos(x*Math.PI/128),y=(x)=>Math.sin(20000/(t%x))*30,w=[y(65536),y(65536),y(65536),y(12288)][t>>15&3],v=(1.25*(t-(t>>16&4|t>>17&6^t>>15&7&t>>12&3)*t/((t>>16&7)+4))*Math.PI),f=1.955*(t&262144?t/4*[1,1.345,1.6,1.825][t>>16&3]:t/((t>>16&3)+4)),Math.abs(c(v/2)+s(v*1.5))*s(v*3)*Math.abs(s(v*3)*c(v*1.25))/5+c(3000/((f/32%8+3)))/5+w/128",
			"codeMinified": "s=x=>sin(x*PI/128),c=x=>cos(x*PI/128),y=x=>30*sin(2E4/(t%x)),w=[y(65536),y(65536),y(65536),y(12288)][t>>15&3],v=1.25*(t-(t>>16&4|t>>17&6^t>>15&7&t>>12&3)*t/((t>>16&7)+4))*PI,f=1.955*(t&262144?t/4*[1,1.345,1.6,1.825][t>>16&3]:t/((t>>16&3)+4)),abs(c(v/2)+s(1.5*v))*s(3*v)*abs(s(3*v)*c(1.25*v))/5+c(3E3/(f/32%8+3))/5+w/128"
		}, {
			"description": "Tripany Sack",
			"url": "https://dollchan.net/btb/res/163.html#404",
			"date": "2023-02-14",
			"mode": "Floatbeat",
			"sampleRate": 96000,
			"file": "hcdphobe - Tripany Sack.js",
			"fileFormatted": true,
			"fileMinified": true,
			"fileOriginal": true,
			"starred": 1
		}, {
			"description": "FM Ctrl+V",
			"remixed": {
				"description": "Ctrl+V",
				"author": "getDolphinedLol",
				"url": "https://www.reddit.com/r/bytebeat/comments/s0ytc9/ctrlv/"
			},
			"url": "https://dollchan.net/btb/res/163.html#486",
			"date": "2023-02-27",
			"mode": "Floatbeat",
			"sampleRate": 48000,
			"codeOriginal": "t*=44100/48000,s=sin,e=cos,a=([2,2,3,0,2.9,0,3,0,3.5,3.5,3,3,2.9,2.9,3,0,3,0,3,0,2.9,0,3,0,2,2,1.8,1.8,2,2,1,1][(t>>12)%32]*t*4),b=([0,2,0,2,0,2,0,3,0][(t>>13)%8]*t*.5),c=PI/128,s(a*c+e(a/4*c)-s(a/4*c))/4-s(b*c+e(b/2*c))/4",
			"codeMinified": "t*=44100/48E3,a=t*4*[2,2,3,0,2.9,0,3,0,3.5,3.5,3,3,2.9,2.9,3,0,3,0,3,0,2.9,0,3,0,2,2,1.8,1.8,2,2,1,1][(t>>12)%32],b=t/2*'020202030'[(t>>13)%8],p=PI/128,sin(a*p+cos(a/4*p)-sin(a/4*p))/4-sin(b*p+cos(b/2*p))/4"
		}]
	}, {
		"author": "Kouzerumatsu",
		"description": "XO-TRACKER: 1-BIT BAD APPLE",
		"url": "https://dollchan.net/btb/res/423.html#423",
		"date": "2023-02-19",
		"mode": "Floatbeat",
		"sampleRate": 32000,
		"file": "Kouzerumatsu - XO-TRACKER 1-BIT BAD APPLE.js",
		"fileOriginal": true,
		"starred": 1
	}
]
